{
  "n_particles": 249,
  "mc_samples": 40,
  "particle_std_aggregation": "mean",
  "logvar_clip": null,
  "accuracy": 1.0,
  "macro_f1": 1.0,
  "r2": 0.7628397609178854,
  "mae_days": 2.3453728842780923,
  "rmse_days": 3.3109530172191457,
  "coverage_95": 0.9317269076305221,
  "mean_aleatoric_std_day": 2.568949921861085,
  "mean_epistemic_std_day": 0.675843005071515,
  "mean_total_std_day": 2.6992834062468973
}