material,n_particles,accuracy,r2,mae_days,rmse_days,mean_aleatoric_std_day,mean_epistemic_std_day,mean_total_std_day
ABS,36,1.0,0.928802406264186,1.4374891080143344,1.8079440675258314,1.887348953565195,0.6040741330617404,1.9986504288133853
PBAT,36,1.0,0.9465864935815255,1.3012513232469145,1.5659499489405944,1.779573317380356,0.6133347867310447,1.900825100177405
PBS,36,1.0,0.8482008713565012,2.1394811551500528,2.639896935412139,2.032011210845044,0.6045694185144589,2.1484838938212905
PCL,36,1.0,0.6165184847146683,3.4244944204886756,4.195894403355075,3.6677163830076185,0.7166363952118956,3.752433028504357
PLA,36,1.0,0.2388128259672131,4.88709905412462,5.911505029936418,4.920814318612643,0.8356729954365447,5.0007454169159615
PS,33,1.0,0.8083985336156504,2.3482359160076487,3.0411506875022227,2.870127180778009,0.6084866011530332,2.9582892292439675
PVC,36,1.0,0.954168409544878,0.8797977988918623,1.4505569919163126,0.8501561937484722,0.742513671732013,1.1571405648350017
